-- MySQL dump 10.13  Distrib 8.0.34, for Win64 (x86_64)
--
-- Host: 127.0.0.1    Database: clothing
-- ------------------------------------------------------
-- Server version	8.1.0

/*!40101 SET @OLD_CHARACTER_SET_CLIENT=@@CHARACTER_SET_CLIENT */;
/*!40101 SET @OLD_CHARACTER_SET_RESULTS=@@CHARACTER_SET_RESULTS */;
/*!40101 SET @OLD_COLLATION_CONNECTION=@@COLLATION_CONNECTION */;
/*!50503 SET NAMES utf8 */;
/*!40103 SET @OLD_TIME_ZONE=@@TIME_ZONE */;
/*!40103 SET TIME_ZONE='+00:00' */;
/*!40014 SET @OLD_UNIQUE_CHECKS=@@UNIQUE_CHECKS, UNIQUE_CHECKS=0 */;
/*!40014 SET @OLD_FOREIGN_KEY_CHECKS=@@FOREIGN_KEY_CHECKS, FOREIGN_KEY_CHECKS=0 */;
/*!40101 SET @OLD_SQL_MODE=@@SQL_MODE, SQL_MODE='NO_AUTO_VALUE_ON_ZERO' */;
/*!40111 SET @OLD_SQL_NOTES=@@SQL_NOTES, SQL_NOTES=0 */;

--
-- Table structure for table `account`
--

DROP TABLE IF EXISTS `account`;
/*!40101 SET @saved_cs_client     = @@character_set_client */;
/*!50503 SET character_set_client = utf8mb4 */;
CREATE TABLE `account` (
  `id` varchar(255) NOT NULL,
  `username` varchar(255) DEFAULT NULL,
  `password` varchar(255) DEFAULT NULL,
  PRIMARY KEY (`id`)
) ENGINE=InnoDB DEFAULT CHARSET=utf8mb4 COLLATE=utf8mb4_0900_ai_ci;
/*!40101 SET character_set_client = @saved_cs_client */;

--
-- Dumping data for table `account`
--

LOCK TABLES `account` WRITE;
/*!40000 ALTER TABLE `account` DISABLE KEYS */;
INSERT INTO `account` VALUES ('1','admin','$2a$10$M/Eiqy4XMj8P2VADSF9jW.owdMcx2Q8.sJ49jlt6wgdf9qThtCuOu'),('2','user1','$2a$10$M/Eiqy4XMj8P2VADSF9jW.owdMcx2Q8.sJ49jlt6wgdf9qThtCuOu'),('3','user2','$2a$10$M/Eiqy4XMj8P2VADSF9jW.owdMcx2Q8.sJ49jlt6wgdf9qThtCuOu');
/*!40000 ALTER TABLE `account` ENABLE KEYS */;
UNLOCK TABLES;

--
-- Table structure for table `account_roles`
--

DROP TABLE IF EXISTS `account_roles`;
/*!40101 SET @saved_cs_client     = @@character_set_client */;
/*!50503 SET character_set_client = utf8mb4 */;
CREATE TABLE `account_roles` (
  `account_id` varchar(255) NOT NULL,
  `roles_name` varchar(255) NOT NULL,
  PRIMARY KEY (`account_id`,`roles_name`),
  KEY `fk_accrol_on_role` (`roles_name`),
  CONSTRAINT `fk_accrol_on_account` FOREIGN KEY (`account_id`) REFERENCES `account` (`id`),
  CONSTRAINT `fk_accrol_on_role` FOREIGN KEY (`roles_name`) REFERENCES `role` (`name`)
) ENGINE=InnoDB DEFAULT CHARSET=utf8mb4 COLLATE=utf8mb4_0900_ai_ci;
/*!40101 SET character_set_client = @saved_cs_client */;

--
-- Dumping data for table `account_roles`
--

LOCK TABLES `account_roles` WRITE;
/*!40000 ALTER TABLE `account_roles` DISABLE KEYS */;
INSERT INTO `account_roles` VALUES ('1','ADMIN'),('1','USER'),('2','USER'),('3','USER');
/*!40000 ALTER TABLE `account_roles` ENABLE KEYS */;
UNLOCK TABLES;

--
-- Table structure for table `cart`
--

DROP TABLE IF EXISTS `cart`;
/*!40101 SET @saved_cs_client     = @@character_set_client */;
/*!50503 SET character_set_client = utf8mb4 */;
CREATE TABLE `cart` (
  `id` varchar(255) NOT NULL,
  `quantity` int DEFAULT NULL,
  `customer_id` varchar(255) DEFAULT NULL,
  `product_id` varchar(255) DEFAULT NULL,
  PRIMARY KEY (`id`),
  KEY `FK_CART_ON_CUSTOMER` (`customer_id`),
  KEY `FK_CART_ON_PRODUCT` (`product_id`),
  CONSTRAINT `FK_CART_ON_CUSTOMER` FOREIGN KEY (`customer_id`) REFERENCES `customer` (`id`),
  CONSTRAINT `FK_CART_ON_PRODUCT` FOREIGN KEY (`product_id`) REFERENCES `product` (`id`)
) ENGINE=InnoDB DEFAULT CHARSET=utf8mb4 COLLATE=utf8mb4_0900_ai_ci;
/*!40101 SET character_set_client = @saved_cs_client */;

--
-- Dumping data for table `cart`
--

LOCK TABLES `cart` WRITE;
/*!40000 ALTER TABLE `cart` DISABLE KEYS */;
INSERT INTO `cart` VALUES ('10',1,'2','3'),('9',4,'2','9');
/*!40000 ALTER TABLE `cart` ENABLE KEYS */;
UNLOCK TABLES;

--
-- Table structure for table `category`
--

DROP TABLE IF EXISTS `category`;
/*!40101 SET @saved_cs_client     = @@character_set_client */;
/*!50503 SET character_set_client = utf8mb4 */;
CREATE TABLE `category` (
  `id` varchar(255) NOT NULL,
  `name` varchar(255) DEFAULT NULL,
  PRIMARY KEY (`id`)
) ENGINE=InnoDB DEFAULT CHARSET=utf8mb4 COLLATE=utf8mb4_0900_ai_ci;
/*!40101 SET character_set_client = @saved_cs_client */;

--
-- Dumping data for table `category`
--

LOCK TABLES `category` WRITE;
/*!40000 ALTER TABLE `category` DISABLE KEYS */;
INSERT INTO `category` VALUES ('1','Clothing'),('2','Menu');
/*!40000 ALTER TABLE `category` ENABLE KEYS */;
UNLOCK TABLES;

--
-- Table structure for table `color`
--

DROP TABLE IF EXISTS `color`;
/*!40101 SET @saved_cs_client     = @@character_set_client */;
/*!50503 SET character_set_client = utf8mb4 */;
CREATE TABLE `color` (
  `id` varchar(255) NOT NULL,
  `name` varchar(255) DEFAULT NULL,
  PRIMARY KEY (`id`)
) ENGINE=InnoDB DEFAULT CHARSET=utf8mb4 COLLATE=utf8mb4_0900_ai_ci;
/*!40101 SET character_set_client = @saved_cs_client */;

--
-- Dumping data for table `color`
--

LOCK TABLES `color` WRITE;
/*!40000 ALTER TABLE `color` DISABLE KEYS */;
INSERT INTO `color` VALUES ('1','Red'),('2','Yellow'),('3','Green'),('4','Black');
/*!40000 ALTER TABLE `color` ENABLE KEYS */;
UNLOCK TABLES;

--
-- Table structure for table `customer`
--

DROP TABLE IF EXISTS `customer`;
/*!40101 SET @saved_cs_client     = @@character_set_client */;
/*!50503 SET character_set_client = utf8mb4 */;
CREATE TABLE `customer` (
  `id` varchar(255) NOT NULL,
  `name` varchar(255) DEFAULT NULL,
  `address` varchar(255) DEFAULT NULL,
  `phone` varchar(255) DEFAULT NULL,
  `email` varchar(255) DEFAULT NULL,
  `account_id` varchar(255) DEFAULT NULL,
  PRIMARY KEY (`id`),
  UNIQUE KEY `uc_customer_account` (`account_id`),
  CONSTRAINT `FK_CUSTOMER_ON_ACCOUNT` FOREIGN KEY (`account_id`) REFERENCES `account` (`id`)
) ENGINE=InnoDB DEFAULT CHARSET=utf8mb4 COLLATE=utf8mb4_0900_ai_ci;
/*!40101 SET character_set_client = @saved_cs_client */;

--
-- Dumping data for table `customer`
--

LOCK TABLES `customer` WRITE;
/*!40000 ALTER TABLE `customer` DISABLE KEYS */;
INSERT INTO `customer` VALUES ('1','username1','06 Bạch Đằng, Đà Nẵng','08394875947','username1@gmail.com','2'),('2','username2','36 Thạch Hũ, Đà Nẵng','03948495867','username2@gmail.com','3');
/*!40000 ALTER TABLE `customer` ENABLE KEYS */;
UNLOCK TABLES;

--
-- Table structure for table `orderitem`
--

DROP TABLE IF EXISTS `orderitem`;
/*!40101 SET @saved_cs_client     = @@character_set_client */;
/*!50503 SET character_set_client = utf8mb4 */;
CREATE TABLE `orderitem` (
  `id` varchar(255) NOT NULL,
  `quantity` int DEFAULT NULL,
  `price` double DEFAULT NULL,
  `order_id` varchar(255) DEFAULT NULL,
  `product_id` varchar(255) DEFAULT NULL,
  PRIMARY KEY (`id`),
  KEY `FK_ORDERITEM_ON_ORDER` (`order_id`),
  KEY `FK_ORDERITEM_ON_PRODUCT` (`product_id`),
  CONSTRAINT `FK_ORDERITEM_ON_ORDER` FOREIGN KEY (`order_id`) REFERENCES `orders` (`id`),
  CONSTRAINT `FK_ORDERITEM_ON_PRODUCT` FOREIGN KEY (`product_id`) REFERENCES `product` (`id`)
) ENGINE=InnoDB DEFAULT CHARSET=utf8mb4 COLLATE=utf8mb4_0900_ai_ci;
/*!40101 SET character_set_client = @saved_cs_client */;

--
-- Dumping data for table `orderitem`
--

LOCK TABLES `orderitem` WRITE;
/*!40000 ALTER TABLE `orderitem` DISABLE KEYS */;
INSERT INTO `orderitem` VALUES ('04727f8b-250d-448c-bb0c-117ae0fc7874',1,23.6,'ab2ff68d-5182-4d1b-ba4e-9e725d7bc00b','3'),('13e4f896-f1f4-4db4-a970-866da63f2927',1,45.8,'ab2ff68d-5182-4d1b-ba4e-9e725d7bc00b','2'),('19a9c35d-9d6c-444d-b7ec-89e6494a2ff1',1,87.8,'ab2ff68d-5182-4d1b-ba4e-9e725d7bc00b','6'),('2b0d5f64-1ff3-4166-ae6e-eb7a1c63e650',2,47.4,'ab2ff68d-5182-4d1b-ba4e-9e725d7bc00b','4'),('37979be1-3550-4c1b-b11b-ad03567d7594',1,23.6,'ab2ff68d-5182-4d1b-ba4e-9e725d7bc00b','3'),('4113055c-ba65-4d03-ae26-1d69791614ca',3,37.8,'ab2ff68d-5182-4d1b-ba4e-9e725d7bc00b','5'),('4a5cb065-978a-4cb6-bd5f-e517695aae13',3,37.8,'ab2ff68d-5182-4d1b-ba4e-9e725d7bc00b','5'),('4c6a69fb-10c1-46b7-96d7-742fc5ff2170',1,45.8,'ab2ff68d-5182-4d1b-ba4e-9e725d7bc00b','2'),('4c9331cc-d88d-480c-82fc-308c00af3188',3,37.8,'ab2ff68d-5182-4d1b-ba4e-9e725d7bc00b','5'),('4e61c53b-bf05-4421-b799-e832dc849ffd',1,45.8,'ab2ff68d-5182-4d1b-ba4e-9e725d7bc00b','2'),('4f5b2108-a383-49f8-ad40-be37da31af08',1,45.8,'ab2ff68d-5182-4d1b-ba4e-9e725d7bc00b','2'),('63b02967-9b37-4b8c-9ace-e4863601017d',2,38.4,'ab2ff68d-5182-4d1b-ba4e-9e725d7bc00b','1'),('743c0675-f60f-4866-a23b-040875b76929',2,38.4,'ab2ff68d-5182-4d1b-ba4e-9e725d7bc00b','1'),('82708a8c-0333-410e-b743-1a451445231d',1,54,'ab2ff68d-5182-4d1b-ba4e-9e725d7bc00b','10'),('c4a122ad-af3d-4de4-ac3e-c0e0a224d5cc',1,23.6,'ab2ff68d-5182-4d1b-ba4e-9e725d7bc00b','3'),('cb1ce5fc-a564-41fd-9897-43a43729c37d',2,47.4,'ab2ff68d-5182-4d1b-ba4e-9e725d7bc00b','4'),('d89de9b7-6e18-41aa-9c61-c59509a24b89',2,47.4,'ab2ff68d-5182-4d1b-ba4e-9e725d7bc00b','4'),('de2733fc-d43e-45c5-b429-8d83aea06c18',3,228,'ab2ff68d-5182-4d1b-ba4e-9e725d7bc00b','8'),('ea73d991-fd4d-4e7f-8615-a4f52096f364',2,38.4,'ab2ff68d-5182-4d1b-ba4e-9e725d7bc00b','1'),('ed80988a-5005-424e-998e-98115e79e650',2,47.4,'ab2ff68d-5182-4d1b-ba4e-9e725d7bc00b','4'),('ee96d74c-f293-4d8a-84b6-c3dd800676b4',2,90,'ab2ff68d-5182-4d1b-ba4e-9e725d7bc00b','7'),('fac22488-c4e9-4cbd-a264-7b035b142ced',1,23.6,'ab2ff68d-5182-4d1b-ba4e-9e725d7bc00b','3'),('fe3d9b78-0e77-4007-b486-4d76b92f42a1',3,37.8,'ab2ff68d-5182-4d1b-ba4e-9e725d7bc00b','5'),('ff2ae5aa-1d91-4732-8b74-22e9fe3eb7b0',2,38.4,'ab2ff68d-5182-4d1b-ba4e-9e725d7bc00b','1');
/*!40000 ALTER TABLE `orderitem` ENABLE KEYS */;
UNLOCK TABLES;

--
-- Table structure for table `orders`
--

DROP TABLE IF EXISTS `orders`;
/*!40101 SET @saved_cs_client     = @@character_set_client */;
/*!50503 SET character_set_client = utf8mb4 */;
CREATE TABLE `orders` (
  `id` varchar(255) NOT NULL,
  `quantity` int NOT NULL,
  `total` double NOT NULL,
  `address` varchar(255) DEFAULT NULL,
  `payment_method` varchar(255) DEFAULT NULL,
  `datecreate` datetime DEFAULT NULL,
  `datecome` datetime DEFAULT NULL,
  `customer_id` varchar(255) DEFAULT NULL,
  PRIMARY KEY (`id`),
  KEY `FK_ORDER_ON_CUSTOMER` (`customer_id`),
  CONSTRAINT `FK_ORDER_ON_CUSTOMER` FOREIGN KEY (`customer_id`) REFERENCES `customer` (`id`)
) ENGINE=InnoDB DEFAULT CHARSET=utf8mb4 COLLATE=utf8mb4_0900_ai_ci;
/*!40101 SET character_set_client = @saved_cs_client */;

--
-- Dumping data for table `orders`
--

LOCK TABLES `orders` WRITE;
/*!40000 ALTER TABLE `orders` DISABLE KEYS */;
INSERT INTO `orders` VALUES ('ab2ff68d-5182-4d1b-ba4e-9e725d7bc00b',43,1231.7999999999997,'06 Bạch Đằng, Đà Nẵng','cash','2024-10-02 13:55:30','2024-10-05 13:55:30','1');
/*!40000 ALTER TABLE `orders` ENABLE KEYS */;
UNLOCK TABLES;

--
-- Table structure for table `product`
--

DROP TABLE IF EXISTS `product`;
/*!40101 SET @saved_cs_client     = @@character_set_client */;
/*!50503 SET character_set_client = utf8mb4 */;
CREATE TABLE `product` (
  `id` varchar(255) NOT NULL,
  `name` varchar(255) DEFAULT NULL,
  `price` double DEFAULT NULL,
  `description` varchar(255) DEFAULT NULL,
  `img` longblob,
  `category_id` varchar(255) DEFAULT NULL,
  `style_id` varchar(255) DEFAULT NULL,
  PRIMARY KEY (`id`),
  KEY `FK_PRODUCT_ON_CATEGORY` (`category_id`),
  KEY `FK_PRODUCT_ON_STYLE` (`style_id`),
  CONSTRAINT `FK_PRODUCT_ON_CATEGORY` FOREIGN KEY (`category_id`) REFERENCES `category` (`id`),
  CONSTRAINT `FK_PRODUCT_ON_STYLE` FOREIGN KEY (`style_id`) REFERENCES `style` (`id`)
) ENGINE=InnoDB DEFAULT CHARSET=utf8mb4 COLLATE=utf8mb4_0900_ai_ci;
/*!40101 SET character_set_client = @saved_cs_client */;

--
-- Dumping data for table `product`
--

LOCK TABLES `product` WRITE;
/*!40000 ALTER TABLE `product` DISABLE KEYS */;
INSERT INTO `product` VALUES ('1','Clothing1',19.2,'Clothing description',NULL,'1','1'),('10','Clothing10',54,'Clothing description',NULL,'1','1'),('2','Clothing2',45.8,'Clothing description',NULL,'1','2'),('3','Clothing3',23.6,'Clothing description',NULL,'1','1'),('4','Clothing4',23.7,'Clothing description',NULL,'1','3'),('5','Clothing5',12.6,'Clothing description',NULL,'1','5'),('6','Clothing6',87.8,'Clothing description',NULL,'1','4'),('7','Clothing7',45,'Clothing description',NULL,'1','1'),('8','Clothing8',76,'Clothing description',NULL,'1','2'),('9','Clothing9',78.7,'Clothing description',NULL,'1','3'),('9b115ef4-ac24-4bec-821d-1b87e672ad96','clothingtest',30,'clothingtest',_binary 'PNG\r\n\Z\n\0\0\0\rIHDR\0\0\\\0\0\0\0\0ډ\0\0\0`PLTEwU)\Kم,X\w%\0\\\\AG\4\=SXC	J4mQXJ\bJ@d\'\s[|5-o%?\b\̽.\b\\0\0 \0IDATx\\\\:F#\ȑ8	\׮ͦ{AxF\ZC\s\\\\\Ov\\\\\lײ|\ў\rpK._x\>\-\[G{\0-\Z.|!\\\]\\0:2\F6\\OR`+\N\Fd=\(喥\D\\\GNG\\_\\}\ll/\]\|?/;\\~\>z\\n\\"[{Ӕ\\}9{9_\9[\n;\U-\NQ7\\'\"\\]\\\\*+\n)[z]a\m?\nGQ\f\Y\"Е%7F\ϝ@6\n\QyO4\\r\$­.=;zQ0\X᧱\Ծpk\\a7--\"\\0\\z\/\\~7\ǏLga9/\=>n\f\p\/鼃m,絅O3\?nO%1$\Z\\GK#(ry\\o\\;=S\F+qᆠaWx\"\ӆ6B\ppkr^ÝC6B\Ea{Z3GisG%H\b\&3x\؜\i\SBe\<ҶfD\\Ţ3vT\$\]\n\-\t\3bAޠ\b\\ߒD\\\\G%(&\\\UABa\l:/a\\\۲(fM\'\\$wy\\\v\n\FN\n\\ne柒,竂\ƋgΩE{\ֹcKIA\Fs\.J\noI*gf\\\ZsT.Jd	,P7\\\\0\:=`#O%V\.\\#ː\\[b\\\*o{n\K4U3µl\G*I~\`\)\;X@B\\\d.e40\މW	»Iе[״ׅm\Hʦ7\ς\4=KC\kz\\Ztl\[(BM$\Ň=ߧd@|\1\\hr\!`ЩOb.\?Ls*\`sf60nޝ.]\\\"[@;\>5즄\c\\Zje5w\\\\Kfli\\\t|\\/[Ǭ\W\zK\i\߀[ܺ\P۫8bj(\\?\\\\1< G)Z\\\v\\Zc\`\\wQl\J7\v+Br߰?7d$NlSޯ\b<]HX-\w}\\Ռ0Hy\=N1\x\\r[KxaK8\\'Ї\r\\I\qZ74A.8\\p\}k>\ϕ\Z\\cz\\M\0f\Z\)\\q\'hX\n\Ewyk>s\\'\ű\\\\"4y/@t\w\rX\\ KXyo\,L	v²%p\Iݷ]R\W؈\\\IU\\ͪ\Z\wc\p)mw0`gؚϵH#\\\W;Z\\,\\!,\*Jق!^ͭJj\hppy\h!ܒ\\ZIAL\2&\Z\R\r\\w\\afh(u\\\mY1N\3\\)(1\ʄL\h1\\?\0X\e\d*XzKxELWÕM~\nw,,T4\n\\\b?,lSqZ6$l]\\zA\\&\\k\*L<%<!\[\q\-\\e\Hp\4\=P\\ZH\n\.`\Q\rj[P2Ywqh\8\Y\e\r\(Ӫ\\u}\\MJ\n\9\\\\j.u\\!\~\]\ww\ZOm]u?pgL<\H^\\?9YíA֥\óϡ.[3clRsFE\NS\\-^u.^c_\\\t떿\0h\Va?#.D7<	گؚ^\0\&\\\nҭŻ\r\-^rk=\S:i4\,\\O\T\'wBO\pNV\m\\i7$\i{qڿ\nO\x\#aj\u?0\\\\SPlf!\n\r1>\.\0\B=\\KUz!i\iuج=.Fhbj\\]eU\\1\\\Z9\\s\^\Z\bq\\ʽ+<\I*x;\\L2\m\Z\"!]3+D_N\0F.I*p\lxӂ\_w\/	ͱbOr\55]RU(\\T<rϭ*\&ȋ\&\`\aX􁎒\0\hS\W\{lߵ ڭ\u^kYA\nX?\\qok\m\\hz%9?znrڢ\ M(\Df\5\~\h\\E*h\=\1\ݺ^vT@\k[w	:Q\\\ss|vc:F\<y}d\\\x7\Z\r\5\sn\O\\"\\{\jϮ-왬ʔ`0jBE˃\/&w6<d?\r\ۛڙ\\\\raw\B\YpRk?\KTC>\\TVhj\5\\©p+?4\\;@}\2ۤ4\H\ڗ\rf\(ro\v.\,k\\w\2[7/\\--C|\C`	\t8qh\r\\o\YfM>~򁷎5\\\\\e$VrǿZZiwZ٬V8V\\9\\\j|\\r{6U2[\n.7\\x)D\I%6hI>^	\\\\[,\\rw=Rҽ;堿\Δ,\t!=?\Z\\O\#\3\Fm\0\\5\_\o7\\\\6ӪPP߇/\\'GJ\\\\[%%!M\'ѝ\&N\\\pۚQwxqR]1\_iĳfe< 30V6)\\\s\\h\F׷]r\ls;\!\)8W\x\a\\\6&ua8Z\\ݶ%\\'\0^\\w\r>P\"d\\\n\D;\pM&9\!ݢ&\b{\r\{)\\:\.L>ŝ]MLY.\5]\\n\O\nd̝z\\q{\-\\O\6\n\ U,tC>\\]R\G\\C\l\\\x\zWB\\m\#۴d>\\\-霮8\\F7ȋ\\$#˖\Z&XYEY7]\\+M\\+\Ѧ뒓\\}\|0\\ٯ\\"X(\|I\\dkĔ^k\ \f;aqE	ٔ\)_\\ë\\+;\:\ũ\rUZd\W\p\r?h\\\fqa\$\5\r2Ɯ#{Fk_,[\u\^ds\jKń\Dq$e\rl\+-&6<R{hm\`cRXL\o!\r\ަ\@Y]5\\r5\ʀs|,\)	<7ۈc\o%Yt[\\rz\S\n<\\\.\\\\\6yk^œR]A(\\r,\K.N.@֫-fk% W\\dنI\-\e\\\-db[~Ķ\ҽ%l\\\\\ڵ(\@0\خP\CK\ؒeɏ\\ljnΥi\R[oo	HT5-a]bJ\M)kI\j	`K/l\\0ܓ\0(\z2lCv`93\jV\\rOhPW#Z[w\r\r\M܏\b\Z\61n|\1 \r\.\]A\2\\nl9c%o\\\\]hxZ\\\夞kӈz4Z6H\\Z<J iM+٭jz॒\0gu\r^\\'ԏ-\an\un\ș+\\9V2]\}m2pÈ)uVЍ\vmwO\)\rlJ<[n\0x\8?Z\C8\D\\F\\\*\n\pV\\paf\\ϖ\n\Hށ\Eloc\\\Xl\eئ\^FZ\FY.b\\\q\\Z-2{swt.\\\J\K~u\.Ef~\\\npd~as㐣anVc6Bh܌?!/\Z\Z\`.Kb]\,\oN\\J2h#\_n$(\\S7?\qȧ\@h&\;gȳjAR\0ɘtt/\\\\\\e4TBAr{\w2\Fpl<\Fl\)a\\\"%\ui\3ܧ]\IhsZh\z\\\UgTl.\.\xb\m\"5X\01\ئI^	\R&\/S]\\\>\\W\-Ҁ\F\\s\-r\ؠ\\RI`\\ \M\rw\Z8\bX\\\V֣T\QX϶\\Q\,ܚ!ep]~(\0Ǹ\d҂,L\*\R]\\\~T\wP_\\\"!\$n)=\y.2sҵ\r\qf\\D\yi@\\b\FqPF@w.pBc\'G;?(dl\y(\)\+vM嗒\Kk%\kY\\vq҄=DxMD8/rG\͵\%7m\\ƹ*a,Vk0\_\P\0i	F]\0\l\\\3ښ-Vlc(>\eNqϖ̘ 2`FLˌ\jl↷,T\0-׀\.a\RE+(*tU9>5B[\\"^\'\ˢ:ɠAੋ+]D\\o\֖\iq93\\w\r\yC-zT\\\\<n.5lsq!Dំb\g!^Ph,f\\_1\0\\W<\І%\]s\\ϓj\y?\Tw$lU%L;w$.Y4!BU}Q\\ uiu\?4\\r\G\\/\_u(\O\d-ĥZ+PiA\Zډ%UH%\\x_E?55\\>\ĝ~[l\\'\V\\\3\\D]*DȰe\"2ׁ}.9	}ٻ\@\ׯg9\\J}\I0\(s1 KUe y\c\\\.ކ(3\y=ß\`\_xŢ01sok\/{܈#Fź,\0-s\\Er\uM\֐<p7_\\>Pc=|.\n\n\j\]\IE\*4lY)\X\o\5\]0xY\\\l\|2̢kv\-f1\@e2Hޣ\no\B2I`\f;x\\pF\%tMEv\&O\>g\C\nN\\lg\\S__\a\$\M\\\R\:	5\.XԤ\\s땆ґ\\ocX:Н\埅G$37<JSU]\Ʊ\(<\n\uQr\HZ	--j3֖\e\3n\du\̭᛺@\\\n\nq\Z\0mԀ\,\nQ\\\rFe\sgn}3K0q\\\< sA~\u@+ݲg\{o\\t\A[\\\S\nLg\	CV!N˭r\	[՜a!ƴt\<\)\\W߯\cٸ\q/)\]X%^\6*SM*張\\\\\%\7U\\?\Pr\K\ḡ\o犅\)%\jW5!\no(\z^A\nlޮ\*\l\6\'\\cږ\e>C\\0\,²\ntP٭:JQGT\E\\	*8h\,i(hk\\lK\2d\B\=\mIb3uOn\0|>ź&\"\*Eɢu\\(΢7\+v\}ؖ$\\\0CkR\S9 \sY\3J\n\<}x\VonznߞP(6+GҬ<oے{H\\\\TvĒ?ci\:\b\E	~\rTG\r\rV\'\\\L8J2y\-}\*\NA+\尵\۪rh/4\z\g0\|ab\ꢪŧ+\:*\Ye	\,\a\=;\M_0VAr94t\\jCՌֲZ#\`\ii{Y^Ւ$K6\\Z\١M\\u\RR\\^ӂZWeuޑEm3w\Z$g+\\`\锌IJ\\M^z\Ft\*\KJyt\%ll\\\ф\3_\F\\\FS\W\nߚ6\.\"\b.\b+\n.pV)\}(	E{5\\\A|\C8V\:Y$G\7\w\×幤e.f\>Mگ1z\\A\m-\"=pLEhîRK[-Es\\;\r\Z\avZ\d[I\\t+a\4\\r\\n<+8v9\JPm\g3\\N\mN\Ol\=\nfXn\ԪutXױ\b\5L\\\ni6$]{{痢5L\b4\t;\i\7|\\,oּ<o\S\@wKl֦\&&:ua\2P\\'4\\\D\$\ɀ2a\F\\N\Z{XW\]΍E\\r\\pCe]\]\!m\T\\'ϭiq`\	\Kd\\\\E\3\\v(6By\E\"\\I\x޵.b\\u\c.۟\~=\ DbT\\1N	Zr%[6\~\ruZȨ*6\\J|\\\c\\O\\Z\\vav\\u\\Í\\\UJuE\mߴE~ҟ,&3YfԒ@4iW\c\\iZG\̣Yar҄8ߪ#%g>\-\rQ\\%\wlϛ\&cQ\'\"$ǻBgM\~it+\\c\\\;$\n\D\4\o\'u7#\\e\\"@?F[;U\z[Ej[Pk7ü#Qr}紹\ec@\|V\'d!B%m\v\Ҫ\kM\\0\I:]\\	.\1>\'?^a[g_$\0u\mv<k݌\*McE\2\mM=rI@\\\\\72S\\\¶ޝ±3	\T\!\ZB/V[*\\w\\F\n-\r\^a\̝\+Dqj\ֆ\0ϲ9\ڶx%Pw冢a\03d-!\(?.&\rh\U[m׶\\NvAcj8	\%[3ɒ}\m,K\-\`\\Va\\r\\gC.I kilhI\\j<rQ\:p\\5\İ-E-YŬ>\\*kBVk_Im\;V}\\/YNsLEآq|\\7}S-ּ\n\ڜlZ_(\i\\'\^m\\բt+\ng\"N\掀N8)\Kø\>\\Ztyt&/^^\\,~|tf\\\\C!Ǜڔ\Y\1\\\0\ӧ_\T.3\\\\Tw:\0\\6F-uۮpUn\\\/hI\\\\-\\K\P\]`=>v{>\\3.j\\\\P\nV\#\\nQ\"\O\\i\;ÞP\\\ɯ\\\\\tS6Fmȷ<I\`k_KA\r\&3^~L\$I&U\\r\{6c^O灍EU-:\|b\>\\Po`\\a[ގ\\SK	\Sh?էTST/\0]\A\\F6LP\\1\aA\#>-\[\!3\9\pWS?;D\)I\4#\9|5=\\h%\D-\8\0gʴ Rn\_\.aX\\ûbC\n\r.q\<_þf$\0\\"t!X\-̆bhz\5a1vy]\|\\4|\Z\\\J̤\\\KY$ύ\Z[\8\}1q-\\󛬬>3\0w\Y\#\㗕r\1Bۢ&\8\|/!\\\"\m̼gӅ\0k@bpQ\B\0*xS\Xs}n~\w[\Z\z\Cmn\0\p|c	1ƨ\>S\0\0 \0IDAT\Z\A/\-xt\\?ϞLH\\/T+QB%L2.\&\UBB۵\\-W\͛\\S֯\$\8uy&?\\m?Y+\&\;-\\\PwF\/Gcn\[F%\\\\(ג恫.=\\쭽c\'3yXw\\\Z>\"Aq\g\rG\Bp\K\$dwF\Do\c,i}qo\rcJ37.8\\<\\r\ZPIs\J9t\%TR:\Zec\s\	TV0\'Zw۔3\L\rK@\Q\\"8.\r&\ǪH˧e\nWv8p\\r)\\#G \)?\\s\\+Ie\\}2h`y r+k \qK\W\\*cMʅ\"Lg\r\́\\\&)\\\ya\ĳgZ\\"-^P&8V5\\>a\\\Qp\V\\*1g\{Ђ\n.\0\ra-E~\=SeT{A\y/(Hٰ+[\Z\\\ zMz>W|\\ن@7\\>\Z[\\nl\4jC4OB@wo(pUbrr\R^\w@{)\7\;׷\\AbMm\᠊j1dOoi=/t\5\5(zϼRj\\;u+}:\5\njQ\\vlIA5ēۘsx\+\X9n\|`+Fn\6[	\'U\:\}CYR3\(	y9{\=2\!H3`\\.;M\-ա\\2p\n\u^\חb:rw̻3T\\Z؊,%\\A1\0k\%7-c\#tg*p]Z\]]\Z\rÑ{r.\\\\Iw{1\o\W,\V\$q`\\\n\\'\\Zܹ\0nl\΍Etox9~}x\\'\\M}ZI[Fc;\M/6bΩ\ZP{\E\U \}=Vav;8z\@(ku+\\l\r\+|4ޑn\9#Q\J\`.ۖx.&a\X\v7b\2pU\-w<n[\\0\\*lQ\\3b6Ltw?B\k#dk$h\Q25\"ʈ&)h(\\wܙ\M\\V\"\\\V%O>hp?ƆYRd;lE9!\\E=\2F\Z\\z\W\\[\r\'\\Sxѝ\Ƣ8m\\\\Ll,b~\A1r\nׇF墳ϯߘ<vmZYj{\\.\v\\!rq\%\S\^&,o5rY\\i^^\klRv\\_Lh\\ij.C`&R\\0O^\̱0a`Ed\a\'-.ђ}=}\t\\L%\2fU0yWzUɰĕN0\\Њr\S$ڝ)\Z˴M]0t\\\y;.K=\0nFIt鄡x9q Ж\g\qyl\z5\IHw!h)F\7x\wn\\\d\"]p\e\^\gc;&X\\\h\'9\>7[z.9@7\ZqhLhxs\\\71^m49Fҷ\zeJYM5W\\|	]\~ <a#\b*iA\2X\5\\03v6̲\	ɨQǟ\\^>?s჉^µ\"F3\Џ\)\\\\q.\u\|\s\/\YZlqV\jԻ\=\!93P쮻\0\]\\r\'Nc/\	M1Vg\ZV]sdO\U. \Z5٩\\:nYJTG\Oô\NI,γ\\	}8\\$ϓ\dй[-lqV؊\0?6V\0\\F\\GD2G@=B/9\S~\f~n\\\/V\{) T=݃\_]3{k\\]\	m`ۅ-`4g\ǿy\Z\\B\ցaW\rfws\\ɱ\IHܝ\r	Z3\f\\n;~J\\\p\\r\+\֪\\H3Dy$\A6x\\QVj/ \M\nmۉJZC{\X\0\\07,\Z.|CܑK\\2-MEQ q\~9M\\䍶Ք\ktՋ\M\m\rU\T\8]Rl\'Ĥ\W?ZWUM^#\\\gqvk\"p5c=f%I\n_W7!tM\\iF2\\'\\\\A\LO\tS:v8z\rj\FYVO\-e\\nC[97XX#+捩\\Z\wab7\޷ȡr\-4o\-}6\\nd\N\nv\\\\ZU\ja\,ږ\\n[\r3\\Z7F	\D0Z\\m>\"\r\0Ul_ݫs5v0h\*):v#\0N)8\b	\'	4d̓\\a\klg\nxK}\q\g-\\ƚ	:=\\)D_z\\\j]\wB\mix]ϱ+\\fK\fΐ[:Qtjs\:׭g\V_s\\\\]j\rBLL4(leʼgy.\6SC\\0[ӱ!$h/\Zhc{!\^wM__\w\\@O~\syH=\)NKnthC<ڬl_dG\\ٱ^7\ZSF&X@@u\-%\dSRB\,gB`Y\\rK\va4ಗ\\,kи-&\\0\tk+ejnVi\^Y\[\0y7u֦kjѳ7\<m~1\0aNbh\\ZD\\\T<wmؤ\Vv-\mf0%\m*U[\]O~\\(cj\r\\]Ok(:\E\읋r\61L/=qm\-kiw,\B=3IJ\\޴{p\\\@\9y;~\V\%dWI}+\\xQsv\v\m`Lm\n{\c=$j\l\*D\.Am\]p֮\\\zkc}v\\O׾\ZVf\:D\[\'\[4\qM\7QeƜ4R\\B\9V\\W\\<.?n\-h\'\\!#5f/\n\3^K	[\\ʹ j\[z\\)\n\[cHpb+ރw\͇\]\\rh!;A{ǚBTQ}\&\?D\cn7]|n\\z\\\\\IX͇3>\!\\Z\Դ6\w\7\Vn\mD\e(\\v\X-\rSMNzRZh4\ڃ\.\bm\\\[\߉V\\\rw/\5[M=\vAߺ\C+l9[\m53\\k0m\\k⋊j\e`|\\V`\"^nn;p3sobo\ZV{Eٍk\\\x\\c73\2[wolē[O+\\r)Ld|W\nNG\[t\Z\z7hm}Zh\\%\!00Z~X;כ\IM\\\^$Ztm\\b\\'\<\',\\^MP\\\p\"Jj\=ӻ\۫a3ŉ\nl\\\.\5w\i:PpM\-l\m$]X<$j\'\nF~:7(H{\+3?\si\#\?]\n\\ZI\U\o]\2\Dd\a\3\\\n\J-\&\'+\\UtlE\ƻÆ\G\\\Y6\\r\\\'\qPRd*6f\0Yvp\\\\\\3l\(N\2\vkv\n:Ӛ]\\ԧ\\jnA\;gV%ݖی\ OQOw\\ZCJph\\\\l[w\4%-.#\ÕӚA\M40,&0\\F\*}v\)\\·\ž \\\@`eMk&f\Mv\>6Ƌ\\II\\,FvXj}6^EA,B\\n3\\eم:e,\\h)\\@w\p\ca@vc\ũ!\K+\o++\nn\\{2^\u\\c>Y\Y	C	bT[+LZZ˽\Tݯj\łEBƛ\1\\\"\3ۭ\\\r؁\n8?Yx0Y~3\xs\N8|Epi8\AWױ]m\"\b20]\X}qŞW\t\.4_\4\\\\Z\}\ri\0L~q\\$+b\g_g.bp{ӐsS\چ\\Qa Entq(1 \\^Ipeo\\5o	\rW7d{=\Zm\!n^\\0VXb2w@Ϳ͊.=puK\EN]\j\r\\^r\fW͌\\"[\ؚ\+\\̘\'J#ͽ\v5\\%R\r\y\W/jT\g-cxx\"x\\gcv\\t[\^ݠBhͪ\T-z«\'\\s\Zq\ͶޭC08zL\;7z\\\\^Ϩtܚq\@\<R)y\\\Ϫτ;.t\٭X[1\̨cxwV\n\u\n\\ravYo1\cfC	U-z\ef(\sw\܌I\b%\\=n\w\qx+Y(\C\U\W2_QɁ\\k^e\\\:N\,=/w\,tu-_R%g8\\\\0]Ko\\\\r\S\G\\\Y.O\Z\\0b\n۲\\G\>\Goa\Vu\r?D\0,a[{\Ec\J\1\\\\\c|K\G\n{\j\\ۋ\y]}f7n\p\[WwPbU\N9cH\[\\5ݞ{\A\2~\\\`\;\&Q\\\r\^\0\/3\kk\\\@]\P[Yo/%\\\axjlmD7\k\\\6\x\\f3*!׾\(wl\&\\\hs\bF\6\\>(v/\\-\rě\\\\fU\/\\r\Q%UHE\\\x\Ggu\\\s\\>۴{I\(\(\S\R\ԲU	7ū?4p\Vo\'\ƷyD\c`\̻<\,\\.n;\^\[-\VYG\\D\Ug=\\+^њƧ\ѩ60\m4B4[p\I\k\rW\\:r^\\_>B\5Yiag\\ɡ\\ O\:Yu\x\ׁ櫭(\\\n򓍣\\\~\`w\ŋ\܀3\fؗ&a\|,\25%7>\\-pWt\\\-\~3M0fԄ\r~/{BBv\<Y<2qy\\\Z\m\_\\\p~ӣ\"B\o<q19獜\u\\/\sӝ-$ܽݾ	\ZSJІ\rR]j\U\\&b4m\]\[\\ɧ\V\\!%\t>\/\\\9t#\ӀN\\c\`\K\\Q7hկw>kefjw<nzZ\ZU+q,l\oj{5lUi\n\\\w6ݏ\%	袜k\ʛͭ*l!=ZA#\]y\'\+gn)l\V\\\ZT7-$/}\`7U\\iM\rPjíJ\ ͊\ZNzg?\0W.hVd\'ް.\\%&卸-r\'\\(\`˶%ܒ\-)かz\Za\˧\r\\\r7\\0Mw\ {\\/+mX\\U\+)dllNKS\\\h\tnvj\̌iWD\e/\Q;_8\'\Maj\Zĳ\ʆ[*\΄c\䱟\qs\0XVw\7\\	n\XnYv8`Kw\\4\\6GQ-^&#	rwv3\\\s\cŰ>)\\"Xp\nmʨ%vaǩG3XO&\\\\\\\\+\%\ŊlE\;ydZu\3\$rkZ\z(P\\(Fu\r\t\gH\n\P*v4Kj\\C\\NC+?/\|R>ר4\\?M\\wt遫Rp\ؚڮԣ\4ܧ\"\X@J6˅\|\bh,\\\0&\<D#\F/aX̞{[Nf=JgQ=\\\l\D:\\n㵢%\07e\\r\\V{厜m\\n\E/Wef\02ހ\ƙ\\=\\Ld\'Ui<	n\2۲\=\\Ak[\*\"ڊz\\p\t*0BEC,l|cp\\Z\ZX\n\hl\'\}z\\\\VUǈl;\Ϧ\M!\Bng<\`BIw[hq\=/f$\\ndS	CSM׎\"b\06\.ׅ\j\-\\E\n*\n\g\E`\r.XJo7%\\\'cEȿUvʜ/\5^Zוvu]9\*-)nw|g院*&\rNv\nza$s\pQu;bW\fDu|k)T\pZ\BT[-\\\b2\PUe\0\nEiJp|w\a@\-\M\#[\T\ӷ\ۮ4/e]|Ԧ\\\B~z23Y|3\n\phg\\x\l*\0\\Pzp`\\\)h6_/g\'\Z:`i?,R}\\3뙁~J\Z0],iʵ-ɜewv\m\0\uᅋ)\k 	G\&,\ͤ\Mj::A\\0\ͱ\\\N-,l\3]3/c<\L\tM\{ʫ9Wz\\\#y=~UR\^\\WUp!h\\\eͥ\@փ\\so\f\r-\T\P\u\\E\{\0\\\U\-$l\<\0\2NW\+6\?\=|q\bu\:\\M\>2?\\Ɨ ~|ŵW31p\Ń?r#\{\}ɭ3(c\olnO;M^\C\"\\#\I\\,i]Ĝ9~\A\n0Mwe\Qzt\\\'\-B>[\7JC}Se\'\\a\=\\r\-\\7|KvcTĥm\*)p=\`	o\;1K+\eFGhj{>A{O\~Q͢7\s{\A\"\Z/H\	!Aح\ݲf\dвXD\$3\{\<bi\1\e\Kvs&/ \A\&\\\d\id\\\Z\\B+\*=@}\x!\\\K߆\ώo\wZC\\^Urt\{\\ֳ\\r \/\\\uQe(zױ8ϜǓ\]B*<\Uö^\zvQ۪/\\\\n\\g\_*\\&9>\\w9Ɖ\/CvH\0Eq8\0d4}Dx\)\G\\`7\"?`̂۷\[>\\ދH\\\lS἞Y+\j\x7ئ\἞\\Q.\\\Bo\B\"`P\\\n%\\\/\Qd*h\\Weh\6\n-A\nz6RY\??\\;h+X\Z$.%\0\\:\(A\TWjwH\,e[\\0%\\ |.h\ρ!b\lrMn,s7h\\,߲\%Ycs\\0{P\\Ar*Q1x\3R&a\GEBK\𵈂L\\n}hKU\r\ᆘ\X\W\	\no#CA5J96\\ޡ\\9G<A\ݽ3ݚmU\ɿ!\\7\\\\K%J\l6\\@:D\\\\@\\p\k\\t|V͊IO7]Q\k!7<	\,\\&[{CR\Myu\%αhu<\0\uiɫ!_=mj鄃\Z2\z(7VIpWYx}o߄7\,ܻKc\\\ݖj\\Kpp1mWN\Z\}#Nhuy\jE\\\\ñ[\\0E仑\e \KLe\'jC`\\	\BD\\\O\A5#g\Y4t\\nY\!\p\\\Uo\4\\إX5\rB\<P֞ R\\\\]\n\fl\t]\`;AR1\0CWN޹\0\0\IDAT.Z\F\\yc2bo9IӋhP\V%\\\P6܇MK{QlC\|[MIF\:-U}\\p\\\n.Sw\@U(+2\5&\\0\\\q_T\b\ܾ4#`閆\{\V\o:\\\\f\;\;\\l+O\I\\ZMQǘ;\\FˍlxYUDP,\pH7gh:\pǸޒ\R\V\aW\nP5\r@CMUnZG\]b;t\no\r\0L{6\B\P\\'\n9E͇\=rֱ᪆\F\/\!M\k频mVݚ3sS\Zn\L\aE\pO\"۔UF1\n@\\8gKR\ZM\\"gW4O\d!Nl\r\%jm:#wץ&V\Nl\\\\\&`w\bC1\\isPj4Y`檂jB*\k\M5+\\naY\\Gkj+\v\}\*\u)^\uh㺼aY6\\(f\Ќl\N\Zb۸ɏ&xٵ+\\o\fyd[\n\\0-\0#\\タ/\qj滥\v+9\cz\lfc~i\\B\\\|L\}\)\*0iE\hzfK׃\\r\\뽽4\XmEFk\\r̻\E`h\2Y\%Ɉv5B\(ƒ\2;\6\|rpv9\"4Tk\6~(<;$\T\NAjܚ\\j[)\"Tw\\\㞻	\"B\(t\uZ\m\c\MhK\#\\r\3h[\^\\`%֍	\r*܇78\ ސ\\*jgN:*\I*5`\^Vw\f\ͯwR\[c2\F\'.{C٦{\'\\\'֨j@zq{5zg\O\h&\wt\nG\p\\qw\q\\\׆^=M\\\p\ˁ3/õ\8,\?	pO\\m6PL\\0\0\0\0IENDB`','1','1');
/*!40000 ALTER TABLE `product` ENABLE KEYS */;
UNLOCK TABLES;

--
-- Table structure for table `product_colors`
--

DROP TABLE IF EXISTS `product_colors`;
/*!40101 SET @saved_cs_client     = @@character_set_client */;
/*!50503 SET character_set_client = utf8mb4 */;
CREATE TABLE `product_colors` (
  `product_id` varchar(255) NOT NULL,
  `colors_id` varchar(255) NOT NULL,
  PRIMARY KEY (`product_id`,`colors_id`),
  KEY `fk_procol_on_color` (`colors_id`),
  CONSTRAINT `fk_procol_on_color` FOREIGN KEY (`colors_id`) REFERENCES `color` (`id`),
  CONSTRAINT `fk_procol_on_product` FOREIGN KEY (`product_id`) REFERENCES `product` (`id`)
) ENGINE=InnoDB DEFAULT CHARSET=utf8mb4 COLLATE=utf8mb4_0900_ai_ci;
/*!40101 SET character_set_client = @saved_cs_client */;

--
-- Dumping data for table `product_colors`
--

LOCK TABLES `product_colors` WRITE;
/*!40000 ALTER TABLE `product_colors` DISABLE KEYS */;
INSERT INTO `product_colors` VALUES ('1','1'),('10','1'),('2','1'),('3','1'),('4','1'),('5','1'),('6','1'),('7','1'),('8','1'),('9','1'),('9b115ef4-ac24-4bec-821d-1b87e672ad96','1'),('1','2'),('2','2'),('3','2'),('4','2'),('5','2');
/*!40000 ALTER TABLE `product_colors` ENABLE KEYS */;
UNLOCK TABLES;

--
-- Table structure for table `product_sizes`
--

DROP TABLE IF EXISTS `product_sizes`;
/*!40101 SET @saved_cs_client     = @@character_set_client */;
/*!50503 SET character_set_client = utf8mb4 */;
CREATE TABLE `product_sizes` (
  `product_id` varchar(255) NOT NULL,
  `sizes_id` varchar(255) NOT NULL,
  PRIMARY KEY (`product_id`,`sizes_id`),
  KEY `fk_prosiz_on_size` (`sizes_id`),
  CONSTRAINT `fk_prosiz_on_product` FOREIGN KEY (`product_id`) REFERENCES `product` (`id`),
  CONSTRAINT `fk_prosiz_on_size` FOREIGN KEY (`sizes_id`) REFERENCES `size` (`id`)
) ENGINE=InnoDB DEFAULT CHARSET=utf8mb4 COLLATE=utf8mb4_0900_ai_ci;
/*!40101 SET character_set_client = @saved_cs_client */;

--
-- Dumping data for table `product_sizes`
--

LOCK TABLES `product_sizes` WRITE;
/*!40000 ALTER TABLE `product_sizes` DISABLE KEYS */;
INSERT INTO `product_sizes` VALUES ('1','1'),('10','1'),('2','1'),('3','1'),('4','1'),('5','1'),('6','1'),('7','1'),('8','1'),('9','1'),('9b115ef4-ac24-4bec-821d-1b87e672ad96','1'),('1','2'),('2','2'),('3','2'),('4','2'),('5','2');
/*!40000 ALTER TABLE `product_sizes` ENABLE KEYS */;
UNLOCK TABLES;

--
-- Table structure for table `rating`
--

DROP TABLE IF EXISTS `rating`;
/*!40101 SET @saved_cs_client     = @@character_set_client */;
/*!50503 SET character_set_client = utf8mb4 */;
CREATE TABLE `rating` (
  `id` varchar(255) NOT NULL,
  `rating` double DEFAULT NULL,
  `customer_id` varchar(255) DEFAULT NULL,
  `product_id` varchar(255) DEFAULT NULL,
  PRIMARY KEY (`id`),
  KEY `FK_RATING_ON_CUSTOMER` (`customer_id`),
  KEY `FK_RATING_ON_PRODUCT` (`product_id`),
  CONSTRAINT `FK_RATING_ON_CUSTOMER` FOREIGN KEY (`customer_id`) REFERENCES `customer` (`id`),
  CONSTRAINT `FK_RATING_ON_PRODUCT` FOREIGN KEY (`product_id`) REFERENCES `product` (`id`)
) ENGINE=InnoDB DEFAULT CHARSET=utf8mb4 COLLATE=utf8mb4_0900_ai_ci;
/*!40101 SET character_set_client = @saved_cs_client */;

--
-- Dumping data for table `rating`
--

LOCK TABLES `rating` WRITE;
/*!40000 ALTER TABLE `rating` DISABLE KEYS */;
/*!40000 ALTER TABLE `rating` ENABLE KEYS */;
UNLOCK TABLES;

--
-- Table structure for table `role`
--

DROP TABLE IF EXISTS `role`;
/*!40101 SET @saved_cs_client     = @@character_set_client */;
/*!50503 SET character_set_client = utf8mb4 */;
CREATE TABLE `role` (
  `name` varchar(255) NOT NULL,
  `description` varchar(255) DEFAULT NULL,
  PRIMARY KEY (`name`)
) ENGINE=InnoDB DEFAULT CHARSET=utf8mb4 COLLATE=utf8mb4_0900_ai_ci;
/*!40101 SET character_set_client = @saved_cs_client */;

--
-- Dumping data for table `role`
--

LOCK TABLES `role` WRITE;
/*!40000 ALTER TABLE `role` DISABLE KEYS */;
INSERT INTO `role` VALUES ('ADMIN','ADMIN'),('USER','USER');
/*!40000 ALTER TABLE `role` ENABLE KEYS */;
UNLOCK TABLES;

--
-- Table structure for table `size`
--

DROP TABLE IF EXISTS `size`;
/*!40101 SET @saved_cs_client     = @@character_set_client */;
/*!50503 SET character_set_client = utf8mb4 */;
CREATE TABLE `size` (
  `id` varchar(255) NOT NULL,
  `name` varchar(255) DEFAULT NULL,
  PRIMARY KEY (`id`)
) ENGINE=InnoDB DEFAULT CHARSET=utf8mb4 COLLATE=utf8mb4_0900_ai_ci;
/*!40101 SET character_set_client = @saved_cs_client */;

--
-- Dumping data for table `size`
--

LOCK TABLES `size` WRITE;
/*!40000 ALTER TABLE `size` DISABLE KEYS */;
INSERT INTO `size` VALUES ('1','L'),('2','M');
/*!40000 ALTER TABLE `size` ENABLE KEYS */;
UNLOCK TABLES;

--
-- Table structure for table `style`
--

DROP TABLE IF EXISTS `style`;
/*!40101 SET @saved_cs_client     = @@character_set_client */;
/*!50503 SET character_set_client = utf8mb4 */;
CREATE TABLE `style` (
  `id` varchar(255) NOT NULL,
  `name` varchar(255) DEFAULT NULL,
  PRIMARY KEY (`id`)
) ENGINE=InnoDB DEFAULT CHARSET=utf8mb4 COLLATE=utf8mb4_0900_ai_ci;
/*!40101 SET character_set_client = @saved_cs_client */;

--
-- Dumping data for table `style`
--

LOCK TABLES `style` WRITE;
/*!40000 ALTER TABLE `style` DISABLE KEYS */;
INSERT INTO `style` VALUES ('1','Modern'),('2','Streetwear'),('3','Colorful'),('4','Patchwork'),('5','Bohemian'),('6','Vintage');
/*!40000 ALTER TABLE `style` ENABLE KEYS */;
UNLOCK TABLES;
/*!40103 SET TIME_ZONE=@OLD_TIME_ZONE */;

/*!40101 SET SQL_MODE=@OLD_SQL_MODE */;
/*!40014 SET FOREIGN_KEY_CHECKS=@OLD_FOREIGN_KEY_CHECKS */;
/*!40014 SET UNIQUE_CHECKS=@OLD_UNIQUE_CHECKS */;
/*!40101 SET CHARACTER_SET_CLIENT=@OLD_CHARACTER_SET_CLIENT */;
/*!40101 SET CHARACTER_SET_RESULTS=@OLD_CHARACTER_SET_RESULTS */;
/*!40101 SET COLLATION_CONNECTION=@OLD_COLLATION_CONNECTION */;
/*!40111 SET SQL_NOTES=@OLD_SQL_NOTES */;

-- Dump completed on 2024-10-02 14:25:15
